{
  "ret": true,
  "data": {
    "sightName": "拙政园5A景区",
    "bannerImg": "https://imgs.qunarzz.com/sight/p0/1603/85/85aa0c000578a01e90.water.jpg_710x360_4621c512.jpg",
    "gallaryImgs": ["https://imgs.qunarzz.com/sight/p0/201405/27/62b6c624ceda06cc786a870769bf8ddc.jpg_990x390_a3b5da1b.jpg", "https://imgs.qunarzz.com/sight/p0/201305/21/63767a6ddf5dbd36c8d65eac.jpg_990x390_973fe4bd.jpg"],
    "categoryList": [{
        "title": "苏州拙政园成人门票",
        "children": [{
          "title": "提前一天预定",
          "children": [{
            "title": "苏州拙政园成人票（10:30-11:30）【10:30-11:30 成人票】"
          },{
            "title": "苏州拙政园成人票（13:30-14:30）【13:30-14:30 成人票】"
          },{
            "title": "苏州拙政园成人票（14:30-15:30）【14:30-15:30 成人票】"
          }]
        },{
          "title": "当天订",
          "children": [{
            "title": "苏州拙政园成人票-旺季当日（13:30-14:30）【13:30-14:30 成人票】"
          },{
            "title": "苏州拙政园成人票-旺季当日（15:30-16:30）【15:30-16:30 成人票】"
          },{
            "title": "苏州拙政园成人票-旺季当日（14:30-15:30）【14:30-15:30 成人票】"
          }]
        }]
      }, {
        "title": "苏州拙政园儿童/学生门票",
        "children": [{
          "title": "苏州拙政园儿童/学生票-旺季（15:30-16:30）【15:30-16:30 儿童/学生票】"
        },{
          "title": "苏州拙政园儿童/学生票-旺季（14:30-15:30）【14:30-15:30 儿童/学生票】"
        },{
          "title": "苏州拙政园儿童/学生票-旺季（13:30-14:30）【13:30-14:30 儿童/学生票】"
        }]
      }, {
        "title": "苏州拙政园老人门票",
        "children": [{
          "title": "苏州拙政园老人票-旺季（13:30-14:30）【13:30-14:30 老人票】"
        },{
          "title": "苏州拙政园老人票-旺季（15:30-16:30）【15:30-16:30 老人票】"
        },{
          "title": "苏州拙政园老人票-旺季（12:30-13:30）【12:30-13:30 老人票】"
        }]
      }]
  }
}
